label,attend_num,workload_num,assign_num,study_num,work_num
0,60,2,2,2.5,18.0
1,75,3,2,13.0,0.0
1,25,4,2,2.5,35.0
0,75,3,2,7.5,25.5
0,95,3,4,7.5,35.0
0,75,4,3,2.5,0.0
0,95,4,4,18.0,25.5
0,85,4,3,2.5,0.0
0,95,3,2,2.5,0.0
1,85,3,2,13.0,0.0
1,95,3,3,2.5,25.5
0,75,1,3,13.0,0.0
1,75,3,2,13.0,25.5
0,60,3,3,13.0,0.0
1,85,4,1,2.5,0.0
1,85,3,2,2.5,0.0
0,75,5,2,2.5,0.0
1,95,5,2,7.5,0.0
1,60,4,2,2.5,35.0
1,75,4,2,7.5,0.0
0,75,4,3,2.5,0.0
1,75,3,3,13.0,18.0
0,95,4,3,2.5,0.0
0,85,4,2,2.5,0.0
0,85,4,3,7.5,0.0
1,85,3,2,7.5,0.0
1,85,3,2,13.0,0.0
1,75,2,2,13.0,0.0
0,60,3,3,7.5,18.0
0,75,4,3,13.0,5.0
0,75,3,2,13.0,25.5
1,85,4,2,13.0,0.0
0,75,3,2,7.5,18.0
0,85,5,3,7.5,18.0
1,75,3,2,2.5,18.0
1,85,4,3,18.0,0.0
1,75,4,3,13.0,0.0
0,85,2,2,7.5,0.0
0,25,3,2,13.0,0.0
0,75,3,2,7.5,0.0
1,85,2,3,13.0,0.0
1,60,3,3,18.0,18.0
1,60,3,2,13.0,18.0
0,60,2,2,7.5,18.0
0,75,2,4,7.5,0.0
0,75,4,2,13.0,18.0
1,85,3,3,7.5,0.0
0,75,3,1,2.5,5.0
0,75,3,2,7.5,25.5
0,60,3,2,7.5,0.0
1,75,2,3,13.0,18.0
1,60,4,2,7.5,0.0
0,75,3,2,13.0,12.5
0,75,3,2,7.5,0.0
0,60,2,2,7.5,18.0
0,85,2,3,7.5,35.0
0,75,3,3,13.0,25.5
0,85,2,3,13.0,0.0
0,60,2,3,13.0,12.5
0,60,2,2,7.5,18.0
0,25,1,1,18.0,25.5
1,25,3,2,13.0,5.0
1,75,2,3,13.0,0.0
0,25,2,2,2.5,25.5
0,75,2,2,13.0,0.0
0,60,2,1,18.0,12.5
0,75,1,2,18.0,5.0
0,75,3,2,2.5,5.0
0,60,1,2,7.5,5.0
1,85,4,2,2.5,0.0
0,60,1,2,13.0,5.0
1,75,3,3,7.5,0.0
0,75,1,3,7.5,18.0
0,75,2,4,7.5,0.0
0,60,1,1,13.0,25.5
0,85,3,3,18.0,5.0
0,75,3,3,13.0,5.0
0,60,1,2,13.0,12.5
0,85,3,2,7.5,35.0
0,75,4,2,18.0,18.0
0,25,3,3,13.0,18.0
1,25,2,2,2.5,25.5
1,60,1,2,13.0,12.5
0,60,3,2,13.0,25.5
0,75,2,3,7.5,12.5
0,25,4,3,7.5,18.0
0,75,3,2,2.5,25.5
0,75,3,3,18.0,18.0
1,75,3,2,13.0,25.5
0,75,2,2,7.5,5.0
0,60,2,2,7.5,12.5
0,95,2,1,13.0,5.0
0,75,3,1,2.5,18.0
0,60,4,2,2.5,0.0
0,25,3,2,18.0,18.0
0,25,1,1,13.0,0.0
0,25,2,2,7.5,18.0
1,75,3,1,13.0,12.5
1,60,1,3,13.0,12.5
0,60,2,3,7.5,18.0
0,75,3,3,7.5,0.0
1,60,3,1,2.5,25.5
0,60,3,1,7.5,25.5
0,60,2,1,2.5,18.0
0,75,1,1,7.5,5.0
0,25,2,1,7.5,12.5
0,75,2,2,7.5,0.0
0,75,2,3,13.0,0.0
1,85,4,2,2.5,0.0
0,85,2,3,13.0,25.5
0,75,1,4,13.0,0.0
1,60,2,3,7.5,5.0
0,25,1,3,2.5,18.0
0,60,4,2,7.5,18.0
1,60,3,1,7.5,25.5
0,75,3,2,13.0,18.0
0,75,1,2,13.0,18.0
1,75,3,2,13.0,0.0
0,60,2,1,7.5,18.0
0,75,3,4,7.5,0.0
0,60,3,2,7.5,5.0
1,60,3,3,7.5,0.0
0,60,1,2,13.0,0.0
0,60,2,2,18.0,18.0
0,25,2,1,13.0,0.0
0,60,2,2,7.5,5.0
0,25,4,3,2.5,18.0
0,75,2,2,2.5,0.0
0,85,2,3,7.5,0.0
0,25,3,2,7.5,12.5
0,60,2,2,13.0,12.5
0,25,2,4,13.0,12.5
0,60,2,2,7.5,18.0
0,60,1,4,13.0,0.0
1,85,3,2,13.0,35.0
1,25,3,3,7.5,5.0
0,60,1,3,13.0,18.0
0,60,2,2,13.0,18.0
0,60,2,3,18.0,0.0
0,75,2,2,13.0,18.0
1,25,4,2,13.0,0.0
0,85,3,3,18.0,35.0
0,85,2,2,7.5,18.0
0,60,2,2,13.0,12.5
1,60,4,2,13.0,5.0
1,75,3,2,18.0,0.0
1,60,1,1,18.0,18.0
0,25,2,2,13.0,35.0
0,85,2,2,13.0,0.0
0,75,1,1,7.5,25.5
1,75,2,3,18.0,25.5
0,60,2,2,18.0,5.0
1,75,2,3,13.0,25.5
0,75,3,3,13.0,25.5
0,25,5,2,13.0,0.0
0,75,4,3,7.5,12.5
0,75,2,2,7.5,0.0
0,75,1,1,13.0,0.0
0,85,3,3,7.5,5.0
0,75,3,3,2.5,25.5
0,75,3,3,2.5,0.0
0,75,3,4,7.5,25.5
0,85,3,3,13.0,12.5
0,60,3,1,7.5,18.0
0,85,3,4,7.5,0.0
0,60,2,2,13.0,25.5
0,75,4,2,18.0,25.5
0,60,2,2,13.0,35.0
0,75,2,2,7.5,0.0
1,25,1,1,7.5,0.0
0,85,1,2,2.5,12.5
0,75,4,4,13.0,0.0
0,25,3,3,13.0,0.0
0,60,1,3,13.0,18.0
0,60,3,3,13.0,5.0
0,60,2,1,7.5,12.5
0,25,3,2,7.5,0.0
0,60,5,3,2.5,0.0
1,60,3,1,7.5,0.0
0,75,3,3,18.0,0.0
0,25,2,3,2.5,0.0
0,60,3,4,2.5,5.0
0,75,1,3,7.5,0.0
0,60,1,3,13.0,18.0
0,75,2,2,13.0,0.0
0,60,3,3,7.5,12.5
0,75,2,3,7.5,0.0
1,25,2,2,7.5,0.0
0,75,4,2,7.5,0.0
0,25,3,1,13.0,0.0
0,60,3,2,2.5,18.0
0,60,3,2,7.5,25.5
0,60,2,3,13.0,0.0
1,75,3,2,13.0,0.0
1,25,2,2,2.5,0.0
0,60,4,3,13.0,18.0
0,75,1,4,18.0,0.0
0,60,3,2,7.5,12.5
0,60,2,3,2.5,0.0
0,75,1,4,2.5,0.0
1,75,4,2,13.0,0.0
0,25,3,4,13.0,5.0
0,60,3,4,18.0,35.0
0,60,1,4,18.0,0.0
0,85,4,4,13.0,0.0
0,85,2,3,13.0,12.5
0,75,3,3,18.0,18.0
0,75,1,4,2.5,25.5
1,85,2,2,13.0,12.5
0,75,3,3,7.5,0.0
0,60,4,4,2.5,0.0
1,75,1,3,7.5,18.0
0,75,4,2,13.0,18.0
0,60,3,2,13.0,0.0
0,25,4,4,13.0,5.0
0,75,2,2,2.5,18.0
0,25,1,2,7.5,25.5
0,85,4,3,13.0,25.5
0,95,4,2,13.0,0.0
0,75,2,1,7.5,12.5
0,85,2,1,2.5,12.5
0,60,3,2,7.5,5.0
0,85,3,3,18.0,0.0
1,25,4,4,7.5,18.0
1,85,3,2,2.5,0.0
1,60,1,2,18.0,0.0
0,85,1,2,7.5,18.0
0,75,2,1,7.5,5.0
1,60,1,2,13.0,0.0
1,60,2,2,7.5,5.0
0,60,2,3,7.5,0.0
0,60,4,1,13.0,35.0
0,85,2,2,7.5,12.5
0,60,3,3,7.5,18.0
0,25,3,2,13.0,5.0
0,60,1,2,13.0,0.0
1,75,2,4,18.0,25.5
1,75,4,4,13.0,5.0
0,60,3,2,18.0,0.0
1,25,1,4,2.5,25.5
1,95,5,3,18.0,25.5
1,60,3,2,13.0,5.0
0,85,3,2,13.0,0.0
0,60,2,2,2.5,0.0
0,25,2,3,2.5,12.5
0,75,2,2,7.5,12.5
0,85,3,2,13.0,18.0
0,60,4,2,2.5,12.5
0,75,2,2,7.5,0.0
0,75,3,2,13.0,0.0
0,60,3,2,7.5,5.0
0,85,3,3,7.5,18.0
0,60,1,1,13.0,0.0
1,75,1,2,13.0,18.0
1,75,2,3,13.0,25.5
0,75,2,2,7.5,12.5
0,60,3,4,13.0,12.5
0,75,3,2,13.0,18.0
0,75,2,3,13.0,25.5
0,75,3,1,18.0,25.5
0,85,3,2,7.5,12.5
0,75,3,3,13.0,18.0
0,60,1,3,18.0,12.5
0,60,4,4,7.5,18.0
0,75,2,2,18.0,5.0
0,75,2,2,13.0,18.0
0,60,2,3,2.5,18.0
0,25,1,3,7.5,25.5
0,75,3,3,2.5,18.0
0,75,4,3,2.5,18.0
1,60,1,3,13.0,18.0
0,75,3,1,18.0,18.0
0,75,1,1,7.5,5.0
0,85,3,2,13.0,12.5
1,25,1,2,7.5,25.5
1,25,4,3,13.0,25.5
1,85,4,1,13.0,18.0
0,75,3,2,13.0,5.0
0,75,3,2,7.5,35.0
1,75,1,3,13.0,0.0
0,85,4,2,7.5,12.5
0,60,3,3,2.5,0.0
1,60,3,3,2.5,5.0
0,75,2,1,2.5,5.0
0,75,1,3,7.5,12.5
0,85,4,2,18.0,0.0
0,60,1,4,2.5,35.0
1,60,2,2,13.0,12.5
0,75,2,2,13.0,25.5
1,60,4,2,18.0,25.5
0,25,2,2,7.5,18.0
0,60,2,3,2.5,0.0
0,85,3,3,2.5,18.0
0,60,3,1,2.5,0.0
0,60,2,2,2.5,18.0
0,60,2,3,13.0,25.5
0,75,4,1,13.0,25.5
0,25,1,2,13.0,0.0
0,25,4,1,13.0,18.0
1,75,2,2,2.5,5.0
0,75,1,1,2.5,18.0
0,25,2,3,2.5,18.0
0,75,3,3,2.5,18.0
0,60,2,2,13.0,5.0
0,25,3,3,13.0,0.0
0,75,2,3,7.5,25.5
0,75,1,2,13.0,12.5
0,60,5,3,18.0,18.0
0,25,3,4,7.5,18.0
0,75,3,3,13.0,18.0
0,60,1,2,7.5,0.0
0,60,1,2,7.5,25.5
0,75,4,2,7.5,12.5
0,25,1,3,18.0,0.0
1,60,3,2,13.0,18.0
1,60,2,3,13.0,0.0
0,75,2,1,7.5,25.5
1,25,3,3,13.0,12.5
0,85,3,3,2.5,25.5
0,60,2,2,13.0,0.0
1,60,2,3,7.5,25.5
0,25,3,2,13.0,0.0
0,75,2,2,13.0,12.5
0,25,3,3,7.5,5.0
0,75,1,3,13.0,25.5
0,60,2,3,18.0,12.5
0,75,4,1,7.5,12.5
0,95,3,1,2.5,18.0
0,75,1,2,2.5,25.5
0,60,1,2,13.0,12.5
0,85,1,3,7.5,0.0
0,60,2,3,13.0,5.0
0,60,2,3,13.0,25.5
0,75,5,4,13.0,25.5
0,60,1,3,2.5,18.0
1,60,3,3,7.5,0.0
0,25,3,2,7.5,25.5
0,25,2,3,18.0,0.0
0,60,2,3,7.5,35.0
0,25,2,1,18.0,35.0
0,75,4,2,13.0,12.5
1,60,2,4,7.5,18.0
0,75,2,2,13.0,5.0
0,60,4,3,2.5,18.0
0,75,4,2,7.5,12.5
0,85,2,1,18.0,5.0
0,75,2,2,13.0,12.5
0,75,2,2,7.5,0.0
0,25,2,3,7.5,5.0
0,75,2,2,7.5,18.0
0,60,3,3,18.0,25.5
1,25,2,3,2.5,0.0
1,75,2,4,13.0,18.0
0,25,2,3,7.5,18.0
0,60,2,3,2.5,0.0
0,60,3,2,18.0,18.0
0,75,3,3,13.0,25.5
0,60,1,3,13.0,18.0
0,60,3,3,13.0,0.0
0,25,1,2,2.5,18.0
0,95,2,3,18.0,18.0
0,60,3,3,7.5,0.0
0,75,2,2,18.0,18.0
0,60,2,2,7.5,12.5
0,60,2,2,7.5,12.5
0,75,4,3,18.0,12.5
0,85,4,3,7.5,12.5
0,85,3,2,13.0,12.5
1,60,2,3,7.5,0.0
0,85,3,4,13.0,35.0
0,75,3,2,2.5,18.0
0,60,4,3,7.5,18.0
0,60,2,3,13.0,0.0
0,60,1,4,18.0,12.5
0,25,3,2,7.5,35.0
0,85,2,2,7.5,0.0
0,75,2,4,18.0,5.0
1,75,4,4,7.5,5.0
0,85,2,2,13.0,0.0
0,75,2,3,13.0,18.0
0,75,4,3,7.5,0.0
0,95,4,2,18.0,12.5
0,75,2,3,7.5,18.0
0,25,1,2,7.5,25.5
0,95,3,2,13.0,25.5
1,60,2,3,7.5,18.0
0,85,3,2,13.0,0.0
0,60,2,4,2.5,12.5
0,75,3,2,13.0,0.0
0,85,3,2,13.0,12.5
0,60,3,2,13.0,18.0
1,75,2,3,7.5,18.0
0,25,1,3,18.0,0.0
0,75,1,3,13.0,25.5
0,60,2,1,2.5,18.0
0,60,1,2,13.0,35.0
1,25,5,4,13.0,12.5
0,95,2,2,7.5,0.0
1,60,3,2,7.5,18.0
0,25,3,2,7.5,18.0
0,60,2,2,13.0,0.0
1,75,3,3,13.0,18.0
0,60,3,1,7.5,12.5
0,25,1,2,7.5,35.0
1,75,3,2,13.0,0.0
0,60,3,2,7.5,5.0
0,75,2,2,7.5,18.0
0,25,3,2,2.5,18.0
0,95,1,3,2.5,0.0
0,60,3,2,2.5,12.5
0,25,1,3,13.0,12.5
0,25,3,3,7.5,0.0
0,60,3,2,7.5,18.0
0,75,4,2,13.0,12.5
0,75,2,3,7.5,25.5
0,75,3,3,7.5,0.0
0,60,1,1,7.5,12.5
0,75,3,3,13.0,25.5
0,85,2,4,7.5,25.5
1,60,4,2,13.0,25.5
0,60,3,1,7.5,0.0
0,60,3,2,13.0,12.5
0,75,2,3,13.0,0.0
0,60,1,2,13.0,35.0
0,75,3,2,13.0,0.0
0,60,3,3,18.0,12.5
1,25,3,3,7.5,18.0
0,25,2,1,2.5,5.0
1,75,1,1,18.0,18.0
1,60,3,4,7.5,0.0
0,60,2,2,13.0,18.0
0,85,2,3,13.0,5.0
0,75,3,2,13.0,25.5
1,75,3,2,2.5,18.0
0,75,2,3,2.5,0.0
0,75,2,1,13.0,18.0
0,60,2,2,2.5,18.0
0,60,1,3,7.5,35.0
0,60,3,4,7.5,35.0
0,85,1,3,7.5,0.0
0,60,2,3,13.0,5.0
0,75,2,1,2.5,25.5
0,85,4,2,2.5,5.0
1,60,1,3,7.5,25.5
0,60,3,3,2.5,12.5
0,60,1,3,7.5,12.5
0,75,2,2,2.5,25.5
0,75,1,3,18.0,12.5
0,75,1,1,7.5,12.5
0,75,3,3,13.0,0.0
0,75,3,3,13.0,12.5
0,25,2,2,7.5,18.0
0,60,1,3,13.0,25.5
0,60,2,2,13.0,18.0
0,60,1,4,13.0,12.5
0,75,2,2,7.5,18.0
0,60,1,2,7.5,5.0
0,25,2,2,18.0,25.5
0,75,4,3,7.5,0.0
0,60,1,2,13.0,12.5
0,85,1,4,7.5,18.0
0,75,2,2,2.5,0.0
1,25,2,2,7.5,18.0
0,25,3,1,7.5,18.0
0,60,3,2,18.0,18.0
0,60,3,3,7.5,0.0
0,25,1,2,7.5,5.0
0,75,2,3,7.5,12.5
1,60,2,3,7.5,0.0
0,60,3,3,7.5,5.0
0,60,1,2,13.0,0.0
0,60,2,3,13.0,12.5
0,25,2,3,18.0,12.5
0,75,1,2,13.0,18.0
0,25,2,2,13.0,12.5
0,75,3,4,7.5,0.0
0,85,1,2,7.5,5.0
0,60,2,3,18.0,12.5
0,60,3,1,13.0,5.0
0,75,2,2,13.0,0.0
0,60,1,3,13.0,5.0
1,75,1,4,2.5,25.5
0,60,3,3,2.5,12.5
0,75,1,3,7.5,12.5
1,60,2,3,13.0,25.5
0,75,2,4,7.5,0.0
0,75,2,3,13.0,12.5
0,75,2,2,7.5,0.0
0,60,3,2,18.0,18.0
0,75,1,2,7.5,12.5
0,25,3,3,13.0,18.0
1,25,3,1,13.0,0.0
0,75,1,2,18.0,18.0
0,25,3,2,13.0,25.5
0,85,3,3,13.0,25.5
1,75,2,3,13.0,25.5
0,25,1,2,18.0,25.5
0,60,2,1,7.5,12.5
1,75,3,2,13.0,0.0
0,75,3,2,13.0,0.0
1,85,3,2,13.0,5.0
0,85,3,2,7.5,0.0
